{"NGC205": [[9.626911342413802, 41.446433536754505], [10.560750863397816, 41.453400676400811], [10.559856117531369, 41.920037439091551], [9.6192763541322552, 41.91288979735662]], "SW2": [[8.8119620186741656, 39.435061825108988], [9.7175379416484073, 39.45051483654504], [9.7107661474503484, 39.916677899492768], [8.7988564490350107, 39.900822718598583]], "SW1": [[9.1205418780324283, 39.824764038835852], [10.031545066697378, 39.837020031598307], [10.026944927965401, 40.303413414797461], [9.109529990132998, 40.290838746829543]], "AGB_8": [[9.7118393958783926, 41.079781079357176], [10.640458881308366, 41.08569115352617], [10.640141403123247, 41.55235456763117], [9.7048568995272682, 41.546291257662311]], "AGB_9": [[10.355017812491198, 40.685049459315756], [11.278066510145555, 40.683541027696712], [11.282299933082429, 41.150131074452432], [10.352665735205241, 41.151678654325579]], "AGB_2": [[11.085143235986695, 41.484688430352037], [12.019330040465162, 41.474446974817745], [12.02896699973147, 41.940790737013714], [11.088035762098293, 41.951297479588725]], "AGB_3": [[10.239729515103114, 41.484450752618592], [11.17413039714242, 41.484188060929156], [11.177665620934842, 41.950784146347708], [10.236515634294792, 41.951053643949614]], "AGB_1": [[10.552010254705301, 41.08559324332316], [11.480671780692953, 41.081738585395279], [11.486385280642617, 41.548299513541743], [10.551057824722047, 41.552254118515286]], "AGB_6": [[12.083887047179989, 41.373362598379067], [13.015866024294908, 41.351452036345151], [13.032659961973234, 41.817211739487547], [12.09397416794935, 41.839689563619793]], "AGB_7": [[11.161033727785711, 42.733905599990479], [12.113471269119131, 42.722095587330557], [12.123990968204918, 43.188005750483867], [11.16454224742831, 43.200121045837236]], "AGB_4": [[11.08761998846626, 41.884643189768326], [12.027581781028907, 41.874174747395216], [12.037338687113593, 42.340438371639948], [11.090548534660149, 42.351177779557553]], "AGB_5": [[11.4279684981458, 42.282037953481485], [12.373573297456428, 42.267226960282741], [12.385918289981204, 42.733193944151495], [11.433404130179724, 42.748387980791762]], "AGB_20": [[11.959474388975078, 41.82532972925015], [12.898057877286238, 41.804471871451561], [12.914116552421849, 42.270237338217882], [11.968729588568138, 42.291634804312309]], "AGB_18": [[10.750417517161376, 40.485724922561715], [11.670599669349434, 40.479757848126965], [11.677611239043253, 40.946223319098678], [10.750885093942758, 40.952345321088934]], "AGB_19": [[11.28032692817038, 40.933494471289187], [12.206580499157617, 40.921266363126485], [12.217475563142632, 41.387554568736512], [11.284592780664761, 41.400099759383977]], "AGB_14": [[9.0131618856188531, 39.868999268717602], [9.924729784405951, 39.882463034967849], [9.9193737469999697, 40.348847964427215], [9.0013866138796068, 40.335034186414887]], "AGB_15": [[10.147441270532367, 41.883837646213294], [11.08761998846626, 41.884643189768326], [11.090548534660149, 42.351177779557553], [10.143536693561437, 42.350351381112105]], "AGB_16": [[10.48195862847516, 42.285331400255998], [11.4279684981458, 42.282037953481485], [11.433404130179724, 42.748387980791762], [10.480475950730547, 42.751766634877931]], "AGB_17": [[9.55104745543081, 41.427592080698318], [10.484604619682198, 41.435449657442526], [10.483160531285689, 41.902084454934197], [9.5428674136163227, 41.894023304940745]], "AGB_10": [[9.5200128306249958, 40.677317528890455], [10.442927376034682, 40.685360743867029], [10.441202492775412, 41.15199801793684], [9.5117053386066868, 41.143746083540343]], "AGB_11": [[9.8327797536897616, 40.281346327922087], [10.750219142917107, 40.285772942669887], [10.750683891853591, 40.752356399134499], [9.8267393546140092, 40.747814791503068]], "AGB_12": [[9.0030789398904769, 40.268449546841474], [9.9201435125479378, 40.282212799008597], [9.9147224067114905, 40.748703769762749], [8.9911607133545886, 40.734583104293073]], "AGB_13": [[9.8378899523710555, 39.881615423006103], [10.749825964827716, 39.885945683668183], [10.750285134496098, 40.352421182263882], [9.8319220518730237, 40.347978311624487]]}